,originalTitle
336296,Halina Neneng ko
987216,Sonus-A Not So Silent Film
1420888,Play Me
1486716,The Escort
942780,The Mark
36735,Trombone Trouble
1617482,Tread Carefully
172042,La venganza de la llorona
1045282,Knowland
1033610,To the Portal
1335684,The Blind Boys of Alabama: How Sweet the Sound
1382287,Case 109
14266,Die Sonne von St. Moritz
273235,Mantuluo
1537974,Director's Chair: Jackie Magdaleno
398983,Pieni kuolema
1582896,Rise Up: The Legacy of Nat Turner
845633,Petrichor
1365420,Song of Africa
1376110,Q Coins
507849,"No Money, No Sex"
513055,Tomorrow's Harvest
929273,Is That Beer?
1782641,Berenice. Adaptación Asturiana
1409854,The Cosmonaut
1184414,Irreconcilable Sin
393886,Kya Love Story Hai
286829,Talk Salò
656496,Abuelo
492738,Wingbeats of the Amazon
1122218,The House That Stood
807207,Sueños Baldíos
1023096,A Viagem do Rei
93915,Deep Inside Jeanna Fine
196012,Cadet Cagers
1721890,The best
1584279,Monky
1597064,"Nice, Terre d'exception"
1181057,Red Flags
1414286,Shinto ryukenbu
881729,The Count's Dance Lesson
834052,A Week to My Wedding
1104443,In Her Element
760716,A Clearing in the Forest
220775,Fuckland
440756,Unknown Time
1529236,That One Time I Proposed to a Girl
765160,Bliss
1009678,Fixing Father
267777,An Unfair Game
365170,Despertar
243635,The Strike Leader
505723,Noisier Than Hen
1349890,Keep My Lamp Burning
638750,Rosey Chan: Transmissions
62880,10 Rillington Place
437231,Last Request
299281,City of Dreams
1638024,Altered
720271,Ein kleines Wunderwerk
381053,Comic Genius
1772171,Ten Eighteen: Officers Need Assistance
1632634,No Trilho dos Naturalistas: Moçambique
473181,Ut av isolasjonen
1060073,Break Through
1513039,Buyuk Dusun Komploculari
1231440,Kazija
1757633,Circo do Amor
686535,Gujjar da kharak
1662572,Eva Awakens
1080537,Bruckheimer's Son
389189,The Old High Chair
1682145,Universal You: I Don't Wanna See
904361,What's wrong with Bob?
1474998,Epoch
576795,The Best You Expo
33833,All Work and No Pay
1458167,Ifeel
797561,Remote Learning
966632,Untitled Sylvin Rubinstein Project
474240,The Genius of Gianni Versace
816038,Berge versetzen - Der lange Weg nach Seefeld
818013,Lune-ye Shoghal
320364,Coup de vache
1426296,Mars Hill
215907,Zengin Mutfagi
1334298,Salhaye Hadese
1586047,Jenny Loves Satan
513760,Mordach's Marrauders
702118,Duhan I i II
1746367,Grizzly Drill
524089,A Invenção do Futuro
1062481,Dead Shot Bang
1701176,The Adjuncts Movie
1559968,Tunnel
309383,Sanai gasume biga narinda
643117,Revenge of the Exorcist
603118,"Hanna Schygulla, 'Quel que soit le songe'"
94513,Life on the Edge
733328,A Story of Seasons
